<GridLayout rows="auto, *" xmlns:chart="nativescript-telerik-ui-pro/chart">
    <Label cssClass="chart-example-tytle-style" text="Monthly sales revenue, 2016" textWrap="true"/>
    <chart:RadCartesianChart row="1" id="chart" selectionMode="Single">
        <chart:RadCartesianChart.series>
            <chart:SplineAreaSeries seriesName="Area" categoryProperty="Category" items="{{ areaSource }}" valueProperty="Amount" selectionMode="Series"/>
            <chart:RadCartesianChart.horizontalAxis>
                <chart:CategoricalAxis lineColor="#b0b0b0" lineThickness="1"/>
            </chart:RadCartesianChart.horizontalAxis>
            <chart:RadCartesianChart.verticalAxis>
                <chart:LinearAxis lineColor="#b0b0b0" lineThickness="1"/>
            </chart:RadCartesianChart.verticalAxis>
        </chart:RadCartesianChart.series>
        <chart:RadCartesianChart.grid>
            <chart:RadCartesianChartGrid 
                horizontalLinesVisible="true" 
                verticalLinesVisible="false" 
                verticalStripLinesVisible="false"
                horizontalStripLinesVisible="false"
                horizontalStrokeColor="#e5e5e5"/>           
        </chart:RadCartesianChart.grid>
        <chart:RadCartesianChart.palettes>
            <chart:Palette seriesName="Area">
                <chart:Palette.entries>
                    <chart:PaletteEntry android:fillColor="#b2efe6" ios:fillColor="#7fe5faf6" strokeColor="#08caab" android:strokeWidth="2"/>
                </chart:Palette.entries>
            </chart:Palette>
            <chart:Palette seriesName="Area" seriesState="Selected">
                <chart:Palette.entries>
                    <chart:PaletteEntry android:fillColor="#b2efe6" ios:fillColor="#7fe5faf6" strokeColor="#026555" android:strokeWidth="2"/>
                </chart:Palette.entries>
            </chart:Palette>
        </chart:RadCartesianChart.palettes>
    </chart:RadCartesianChart>
</GridLayout>
