<GridLayout rows="auto, *" xmlns:chart="nativescript-telerik-ui-pro/chart">
    <Label text="Monthly sales revenue, 2016" cssClass="chart-example-tytle-style" textWrap="true"/>
    <chart:RadCartesianChart row="1" id="chart" selectionMode="Single">
        <chart:RadCartesianChart.series>
            <chart:LineSeries seriesName="Line" categoryProperty="Category" items="{{ categoricalSource }}" valueProperty="Amount" selectionMode="Series">
            </chart:LineSeries>
        </chart:RadCartesianChart.series>
        <chart:RadCartesianChart.horizontalAxis>
            <chart:CategoricalAxis lineColor="#b0b0b0" lineThickness="1"/>
        </chart:RadCartesianChart.horizontalAxis>
        <chart:RadCartesianChart.verticalAxis>
            <chart:LinearAxis lineColor="#b0b0b0" lineThickness="1"/>
        </chart:RadCartesianChart.verticalAxis>
        <chart:RadCartesianChart.grid>
            <chart:RadCartesianChartGrid 
                horizontalLinesVisible="true" 
                verticalLinesVisible="false" 
                verticalStripLinesVisible="false"
                horizontalStrokeColor="#e5e5e5"
                verticalStripLineColor="#00000000, #00000000"
                horizontalStripLineColor="#f8f8f8, #00000000"/>
        </chart:RadCartesianChart.grid>
        <chart:RadCartesianChart.palettes>
            <chart:Palette seriesName="Line">
                <chart:Palette.entries>
                    <chart:PaletteEntry strokeColor="#08caab" strokeWidth="1" />
                </chart:Palette.entries>
            </chart:Palette>
            <chart:Palette seriesName="Line" seriesState="Selected">
                <chart:Palette.entries>
                    <chart:PaletteEntry strokeColor="#026555" strokeWidth="1" />
                </chart:Palette.entries>
            </chart:Palette> 
        </chart:RadCartesianChart.palettes>
    </chart:RadCartesianChart>
</GridLayout>
