<examples:ExamplePage 
        xmlns:examples="examples/example-base-page"
        xmlns="http://schemas.nativescript.org/tns.xsd"
        xmlns:lv="nativescript-telerik-ui-pro/listview"
        navigatingTo="pageNavigatingTo"
        navigatedFrom="pageNavigatedFrom">
    <Page.actionBar>
        <ActionBar title="Item reorder" automationText="ActionBar">
            <NavigationButton icon="res://ic_back" tap="goBack" automationText="GoBack" />
            <Android>
                <ActionItem id="exampleMenuButton" icon="res://ic_menu_example" automationText="ExampleMenu" />
            </Android>
            <iOS>
                <ActionItem id="exampleMenuButton" ios.position="right" automationText="ExampleMenu">
                    <ActionItem.actionView>
                        <Image src="res://ic_menu_example" width="22" height="22" margin="0, -11, 0, 11" />
                    </ActionItem.actionView>
                </ActionItem>
            </iOS>
        </ActionBar>
    </Page.actionBar>
	<GridLayout rows="auto, *" backgroundColor="#151f2f">
				
		<GridLayout rows="*" row="1">
                    
        <!--ToDo list-->
			<lv:RadListView backgroundColor="#151f2f" id="todo-list" items="{{ todoItems }}" itemSwipe="true" itemReorder="true" reorderMode="HoldAndDrag"
                                    itemReorderStarted="{{onItemReorderStarted}}"
                                    itemReordered="{{onItemReordered}}"
                                    itemSwipeProgressStarted="onItemSwipeProgressStarted"
                                    itemSwipeProgressEnded="onItemSwipeProgressEnded"
                                    itemSwipeProgressChanged="onItemSwipeProgressChanged">
				<lv:RadListView.listViewLayout>
					<lv:ListViewLinearLayout itemAddAnimation="Fade" itemRemoveAnimation="Fade"/>
				</lv:RadListView.listViewLayout>
				
				<lv:RadListView.itemTemplate>
					<StackLayout paddingBottom="1" backgroundColor="#151f2f">
						<StackLayout backgroundColor="{{isReordered === false ? '#08caab' : '#026968'}}" padding="12">
							<Label text="{{ title }}" color="white" ios:cssClass="{{ isDone ? 'doneItemStyle itemIOS' : 'notDoneItemStyle itemIOS' }}"
												  android:cssClass="{{ isDone ? 'doneItemStyle' : 'notDoneItemStyle' }}"/>
						</StackLayout>
					</StackLayout>
				</lv:RadListView.itemTemplate>
				
				<lv:RadListView.itemSwipeTemplate>
					<GridLayout rows="*" columns="auto, *, auto" paddingBottom="1" verticalAlignment="stretch" backgroundColor="#151f2f"> 
						<GridLayout id="complete-view" backgroundColor="#fed03c" verticalAlignment="stretch">
							<Image android:src="res://ic_listview_reorder_complete" ios:src="res://listview/reorder/check-as-done-icon" stretch="none" verticalAlignment="center" horizontalAlignment="center"/>
						</GridLayout>
						<GridLayout id="delete-view" backgroundColor="#FFE5503A" col="2" verticalAlignment="stretch">
							<Image android:src="res://ic_listview_reorder_delete" ios:src="res://listview/reorder/reorder-delete-icon" stretch="none" verticalAlignment="center" horizontalAlignment="center"/>
						</GridLayout>
					</GridLayout>
				</lv:RadListView.itemSwipeTemplate>
			</lv:RadListView>
			
		</GridLayout>
	</GridLayout>
</examples:ExamplePage>