<?xml version="1.0" encoding="utf-8"?>
<resources xmlns:android="http://schemas.android.com/apk/res/android">
    <style name="AppThemeBase" parent="Theme.AppCompat.Light.NoActionBar">
        <item name="toolbarStyle">@style/NativeScriptToolbarStyle</item>

        <item name="colorPrimary">@color/ns_primary</item>
        <item name="colorPrimaryDark">@color/ns_primaryDark</item>
        <item name="colorAccent">@color/ns_accent</item>
        
        <item name="actionMenuTextColor">#FFFFFF</item>
        
        <item name="android:windowActionBarOverlay">true</item>  
        <item name="android:windowTranslucentStatus">true</item>

        <item name="android:windowBackground">@drawable/splash_screen</item>

        <item name="android:textAllCaps">false</item>
    </style>

    <style name="AppTheme" parent="AppThemeBase">
    </style>

    <style name="NativeScriptToolbarStyleBase"
            parent="Widget.AppCompat.Toolbar">
        <item name="android:background">@color/ns_primary</item>
        <item name="theme">@style/ThemeOverlay.AppCompat.ActionBar</item>
        <item name="popupTheme">@style/ThemeOverlay.AppCompat</item>

        <item name="contentInsetStart">72dip</item>
    </style>
	<style name="NativeScriptToolbarStyle" parent="NativeScriptToolbarStyleBase">
    </style>
</resources> 